Modèle,Accuracy,F1-score (macro),F1-score (weighted),Precision (weighted),Recall (weighted)
SVM (Linear),0.7872703721149317,0.7745627497917275,0.7906351951974121,0.8015391890085992,0.7872703721149317
Régression Logistique,0.7774964672633067,0.7601598770575353,0.7792541237353104,0.7882826223691068,0.7774964672633067
Random Forest,0.7144959962317475,0.7176185590800495,0.733190216924461,0.7775796558498,0.7144959962317475
Naive Bayes Multinomial,0.7142604804521903,0.6771725002314303,0.7033973012814013,0.7225508757833262,0.7142604804521903
